write_yeardate_time,userid,nickname,yeardate,time,remark
2024-03-09T17:25,Uf8e734e58b67c12e0de1cd574a1718da,明明,2024-03-09,22:00,明明，確認預約時間並把選擇日期時間寫入暫時資料庫
2024-03-09T17:26,Uf8e734e58b67c12e0de1cd574a1718da,明明,2024-03-09,22:00,明明，確認預約時間並把選擇日期時間寫入暫時資料庫
2024-03-09T18:04,Uf8e734e58b67c12e0de1cd574a1718da,明明,2024-03-09,22:00,明明，確認預約時間並把選擇日期時間寫入暫時資料庫
2024-03-09T18:13,Uf8e734e58b67c12e0de1cd574a1718da,明明,2024-03-09,20:20,明明，確認預約時間並把選擇日期時間寫入暫時資料庫
2024-03-11T00:00,Uf8e734e58b67c12e0de1cd574a1718da,明明,2024-03-11,20:05,明明，確認預約時間並把選擇日期時間寫入暫時資料庫
2024-03-11T00:01,Uf8e734e58b67c12e0de1cd574a1718da,明明,2024-03-11,20:10,明明，確認預約時間並把選擇日期時間寫入暫時資料庫
2024-03-11T00:02,Uf8e734e58b67c12e0de1cd574a1718da,明明,2024-03-11,22:00,明明，確認預約時間並把選擇日期時間寫入暫時資料庫
-------------------------------------------

2024-03-15T21:15,Uf8e734e58b67c12e0de1cd574a1718da,明明,2024-03-15,22:00,明明，確認預約時間並把選擇日期時間寫入暫時資料庫
2024-03-15T22:13,Uf8e734e58b67c12e0de1cd574a1718da,明明,2024-03-15,21:10,明明，確認預約時間並把選擇日期時間寫入暫時資料庫
2024-03-26T14:10,Uf8e734e58b67c12e0de1cd574a1718da,明明,2024-03-26,22:00,明明，確認預約時間並把選擇日期時間寫入暫時資料庫
2024-03-26T16:59,Uf8e734e58b67c12e0de1cd574a1718da,明明,2024-03-26,20:05,明明，確認預約時間並把選擇日期時間寫入暫時資料庫
2024-04-23T00:21,Uf8e734e58b67c12e0de1cd574a1718da,明明,2024-04-23,22:00,明明，確認預約時間並把選擇日期時間寫入暫時資料庫
2024-04-23T00:22,Uf8e734e58b67c12e0de1cd574a1718da,明明,2024-04-23,21:50,明明，確認預約時間並把選擇日期時間寫入暫時資料庫
2024-04-23T00:23,Uf8e734e58b67c12e0de1cd574a1718da,明明,2024-04-23,20:55,明明，確認預約時間並把選擇日期時間寫入暫時資料庫
2024-04-23T00:54,Uf8e734e58b67c12e0de1cd574a1718da,明明,2024-04-23,20:25,明明，確認預約時間並把選擇日期時間寫入暫時資料庫
2024-04-23T00:58,Uf8e734e58b67c12e0de1cd574a1718da,明明,2024-04-23,20:30,明明，確認預約時間並把選擇日期時間寫入暫時資料庫
2024-08-22T21:07,U66da2ba27e83014da52f28455ef19c7c,明明,2024-08-22,22:00,明明，確認預約時間並把選擇日期時間寫入暫時資料庫
2024-08-22T21:08,U66da2ba27e83014da52f28455ef19c7c,明明,2024-08-22,22:00,明明，確認預約時間並把選擇日期時間寫入暫時資料庫
2024-08-22T23:05,U66da2ba27e83014da52f28455ef19c7c,明明,2024-08-22,23:35,明明，確認預約時間並把選擇日期時間寫入暫時資料庫
2024-08-22T23:12,U66da2ba27e83014da52f28455ef19c7c,明明,2024-08-22,23:45,明明，確認預約時間並把選擇日期時間寫入暫時資料庫
2024-08-22T23:36,U66da2ba27e83014da52f28455ef19c7c,明明,2024-08-23,23:20,明明，確認預約時間並把選擇日期時間寫入暫時資料庫
2024-08-23T00:04,U66da2ba27e83014da52f28455ef19c7c,明明,2024-08-23,22:00,明明，確認預約時間並把選擇日期時間寫入暫時資料庫
2024-08-23T01:17,U66da2ba27e83014da52f28455ef19c7c,明明,2024-08-23,22:00,明明，確認預約時間並把選擇日期時間寫入暫時資料庫
2024-08-23T01:18,U66da2ba27e83014da52f28455ef19c7c,明明,2024-08-23,21:00,明明，確認預約時間並把選擇日期時間寫入暫時資料庫
2024-08-23T02:21,U66da2ba27e83014da52f28455ef19c7c,那天,2024-08-23,20:50,那天，確認預約時間並把選擇日期時間寫入暫時資料庫
2024-08-23T02:24,U66da2ba27e83014da52f28455ef19c7c,那天,2024-08-23,20:55,那天，確認預約時間並把選擇日期時間寫入暫時資料庫
2024-08-23T02:33,U66da2ba27e83014da52f28455ef19c7c,那天,2024-08-23,20:05,那天，確認預約時間並把選擇日期時間寫入暫時資料庫
2024-08-23T03:00,U66da2ba27e83014da52f28455ef19c7c,那天,2024-08-23,20:30,那天，確認預約時間並把選擇日期時間寫入暫時資料庫
2024-08-23T03:04,U66da2ba27e83014da52f28455ef19c7c,那天,2024-08-23,21:35,那天，確認預約時間並把選擇日期時間寫入暫時資料庫
2024-08-23T03:34,U66da2ba27e83014da52f28455ef19c7c,那天,2024-08-23,21:15,那天，確認預約時間並把選擇日期時間寫入暫時資料庫
2024-08-23T04:00,U66da2ba27e83014da52f28455ef19c7c,那天,2024-08-23,21:30,那天，確認預約時間並把選擇日期時間寫入暫時資料庫
2024-08-23T04:19,U66da2ba27e83014da52f28455ef19c7c,那天,2024-08-23,21:50,那天，確認預約時間並把選擇日期時間寫入暫時資料庫
2024-08-23T04:21,U66da2ba27e83014da52f28455ef19c7c,那天,2024-08-23,20:55,那天，確認預約時間並把選擇日期時間寫入暫時資料庫
2024-08-23T04:21,U66da2ba27e83014da52f28455ef19c7c,那天,2024-08-23,21:50,那天，確認預約時間並把選擇日期時間寫入暫時資料庫
2024-08-23T04:22,U66da2ba27e83014da52f28455ef19c7c,那天,2024-08-23,21:50,那天，確認預約時間並把選擇日期時間寫入暫時資料庫
2024-08-23T04:25,U66da2ba27e83014da52f28455ef19c7c,那天,2024-08-23,21:50,那天，確認預約時間並把選擇日期時間寫入暫時資料庫
2024-08-23T05:23,U66da2ba27e83014da52f28455ef19c7c,那天,2024-08-23,22:00,那天，確認預約時間並把選擇日期時間寫入暫時資料庫
2024-08-23T05:23,U66da2ba27e83014da52f28455ef19c7c,那天,2024-08-23,22:00,那天，確認預約時間並把選擇日期時間寫入暫時資料庫
2024-08-23T05:24,U66da2ba27e83014da52f28455ef19c7c,那天,2024-08-23,22:00,那天，確認預約時間並把選擇日期時間寫入暫時資料庫
2024-08-23T05:31,U66da2ba27e83014da52f28455ef19c7c,那天,2024-08-23,21:05,那天，確認預約時間並把選擇日期時間寫入暫時資料庫
2024-08-23T05:46,U66da2ba27e83014da52f28455ef19c7c,那天,2024-08-23,21:20,那天，確認預約時間並把選擇日期時間寫入暫時資料庫
2024-08-23T05:46,U66da2ba27e83014da52f28455ef19c7c,那天,2024-08-23,21:15,那天，確認預約時間並把選擇日期時間寫入暫時資料庫
2024-08-23T05:51,U66da2ba27e83014da52f28455ef19c7c,那天,2024-08-23,22:00,那天，確認預約時間並把選擇日期時間寫入暫時資料庫
2024-08-23T05:55,U66da2ba27e83014da52f28455ef19c7c,那天,2024-08-23,22:00,那天，確認預約時間並把選擇日期時間寫入暫時資料庫
2024-08-23T06:01,U66da2ba27e83014da52f28455ef19c7c,那天,2024-08-23,22:00,那天，確認預約時間並把選擇日期時間寫入暫時資料庫
2024-08-23T06:16,U66da2ba27e83014da52f28455ef19c7c,那天,2024-08-23,21:00,那天，確認預約時間並把選擇日期時間寫入暫時資料庫
2024-08-23T06:16,U66da2ba27e83014da52f28455ef19c7c,那天,2024-08-23,20:00,那天，確認預約時間並把選擇日期時間寫入暫時資料庫
2024-08-23T12:22,U66da2ba27e83014da52f28455ef19c7c,那天,2024-08-23,20:50,那天，確認預約時間並把選擇日期時間寫入暫時資料庫
2024-08-23T22:04,U66da2ba27e83014da52f28455ef19c7c,那天,2024-08-23,23:35,那天，確認預約時間並把選擇日期時間寫入暫時資料庫
2024-08-23T22:07,U66da2ba27e83014da52f28455ef19c7c,那天,2024-08-23,23:30,那天，確認預約時間並把選擇日期時間寫入暫時資料庫
2024-08-23T22:15,U66da2ba27e83014da52f28455ef19c7c,那天,2024-08-23,23:45,那天，確認預約時間並把選擇日期時間寫入暫時資料庫
2024-08-23T22:33,U66da2ba27e83014da52f28455ef19c7c,那天,2024-08-23,23:05,那天，確認預約時間並把選擇日期時間寫入暫時資料庫
2024-08-23T22:44,U66da2ba27e83014da52f28455ef19c7c,那天,2024-08-23,23:15,那天，確認預約時間並把選擇日期時間寫入暫時資料庫
2024-08-23T22:48,U66da2ba27e83014da52f28455ef19c7c,那天,2024-08-23,23:15,那天，確認預約時間並把選擇日期時間寫入暫時資料庫
2024-08-23T22:48,U66da2ba27e83014da52f28455ef19c7c,那天,2024-08-23,23:30,那天，確認預約時間並把選擇日期時間寫入暫時資料庫
2024-08-23T22:49,U66da2ba27e83014da52f28455ef19c7c,那天,2024-08-23,23:30,那天，確認預約時間並把選擇日期時間寫入暫時資料庫
2024-08-23T23:05,U66da2ba27e83014da52f28455ef19c7c,那天,2024-08-23,23:05,那天，確認預約時間並把選擇日期時間寫入暫時資料庫
2024-08-23T23:06,U66da2ba27e83014da52f28455ef19c7c,那天,2024-08-23,23:10,那天，確認預約時間並把選擇日期時間寫入暫時資料庫
2024-08-23T23:06,U66da2ba27e83014da52f28455ef19c7c,那天,2024-08-23,23:15,那天，確認預約時間並把選擇日期時間寫入暫時資料庫
2024-08-23T23:33,U66da2ba27e83014da52f28455ef19c7c,那天,2024-08-23,23:40,那天，確認預約時間並把選擇日期時間寫入暫時資料庫
2024-08-23T23:39,U66da2ba27e83014da52f28455ef19c7c,那天,2024-08-23,23:40,那天，確認預約時間並把選擇日期時間寫入暫時資料庫
2024-08-23T23:39,U66da2ba27e83014da52f28455ef19c7c,那天,2024-08-23,23:45,那天，確認預約時間並把選擇日期時間寫入暫時資料庫
2024-08-23T23:42,U66da2ba27e83014da52f28455ef19c7c,那天,2024-08-23,23:50,那天，確認預約時間並把選擇日期時間寫入暫時資料庫
2024-09-09T22:28,U66da2ba27e83014da52f28455ef19c7c,那天,2024-09-09,23:55,那天，確認預約時間並把選擇日期時間寫入暫時資料庫
2024-09-09T22:44,U66da2ba27e83014da52f28455ef19c7c,那天,2024-09-09,23:15,那天，確認預約時間並把選擇日期時間寫入暫時資料庫
2024-09-10T02:59,U66da2ba27e83014da52f28455ef19c7c,安安,2024-09-10,23:30,安安，確認預約時間並把選擇日期時間寫入暫時資料庫
2024-09-10T03:25,U66da2ba27e83014da52f28455ef19c7c,安安,2024-09-10,23:55,安安，確認預約時間並把選擇日期時間寫入暫時資料庫
2024-09-10T03:26,U66da2ba27e83014da52f28455ef19c7c,安安,2024-09-10,23:55,安安，確認預約時間並把選擇日期時間寫入暫時資料庫
2024-09-10T03:34,U66da2ba27e83014da52f28455ef19c7c,安安,2024-09-10,23:05,安安，確認預約時間並把選擇日期時間寫入暫時資料庫
2024-09-23T21:04,U66da2ba27e83014da52f28455ef19c7c,安安,2024-09-23,23:35,安安，確認預約時間並把選擇日期時間寫入暫時資料庫
2024-09-23T22:16,U66da2ba27e83014da52f28455ef19c7c,安安,2024-09-23,23:30,安安，確認預約時間並把選擇日期時間寫入暫時資料庫
2024-09-23T22:34,U66da2ba27e83014da52f28455ef19c7c,安安,2024-09-23,23:55,安安，確認預約時間並把選擇日期時間寫入暫時資料庫
2024-09-23T22:36,U66da2ba27e83014da52f28455ef19c7c,安安,2024-09-23,23:05,安安，確認預約時間並把選擇日期時間寫入暫時資料庫
2024-09-23T22:39,U66da2ba27e83014da52f28455ef19c7c,安安,2024-09-23,23:05,安安，確認預約時間並把選擇日期時間寫入暫時資料庫
2024-09-23T22:40,U66da2ba27e83014da52f28455ef19c7c,安安,2024-09-23,23:10,安安，確認預約時間並把選擇日期時間寫入暫時資料庫
2024-09-23T22:44,U66da2ba27e83014da52f28455ef19c7c,安安,2024-09-23,23:15,安安，確認預約時間並把選擇日期時間寫入暫時資料庫
2024-09-23T22:46,U66da2ba27e83014da52f28455ef19c7c,安安,2024-09-23,23:20,安安，確認預約時間並把選擇日期時間寫入暫時資料庫
2024-09-23T22:48,U66da2ba27e83014da52f28455ef19c7c,安安,2024-09-23,23:25,安安，確認預約時間並把選擇日期時間寫入暫時資料庫
2024-09-23T22:50,U66da2ba27e83014da52f28455ef19c7c,安安,2024-09-23,23:20,安安，確認預約時間並把選擇日期時間寫入暫時資料庫
2024-09-23T22:56,U66da2ba27e83014da52f28455ef19c7c,安安,2024-09-23,23:30,安安，確認預約時間並把選擇日期時間寫入暫時資料庫
2024-09-23T23:00,U66da2ba27e83014da52f28455ef19c7c,安安,2024-09-23,23:35,安安，確認預約時間並把選擇日期時間寫入暫時資料庫
2024-09-25T00:57,U66da2ba27e83014da52f28455ef19c7c,安安,2024-09-25,23:30,安安，確認預約時間並把選擇日期時間寫入暫時資料庫
2024-09-25T01:00,U66da2ba27e83014da52f28455ef19c7c,安安,2024-09-25,23:35,安安，確認預約時間並把選擇日期時間寫入暫時資料庫
2024-09-25T01:01,U66da2ba27e83014da52f28455ef19c7c,安安,2024-09-25,23:25,安安，確認預約時間並把選擇日期時間寫入暫時資料庫
2024-10-01T16:01,U66da2ba27e83014da52f28455ef19c7c,安安,2024-10-01,23:30,安安，確認預約時間並把選擇日期時間寫入暫時資料庫
2024-10-01T16:14,U66da2ba27e83014da52f28455ef19c7c,安安,2024-10-01,23:50,安安，確認預約時間並把選擇日期時間寫入暫時資料庫
2024-10-01T16:20,U66da2ba27e83014da52f28455ef19c7c,安安,2024-10-01,22:30,安安，確認預約時間並把選擇日期時間寫入暫時資料庫
2024-11-11T21:16,U66da2ba27e83014da52f28455ef19c7c,安安,2024-11-11,22:25,安安，確認預約時間並把選擇日期時間寫入暫時資料庫
2024-11-12T17:49,U66da2ba27e83014da52f28455ef19c7c,小明,2024-11-12,22:00,小明，確認預約時間並把選擇日期時間寫入暫時資料庫
2024-11-12T18:01,U66da2ba27e83014da52f28455ef19c7c,user,2024-11-12,22:15,user，確認預約時間並把選擇日期時間寫入暫時資料庫
2024-11-12T18:10,U66da2ba27e83014da52f28455ef19c7c,user,2024-11-12,22:20,user，確認預約時間並把選擇日期時間寫入暫時資料庫
2024-11-12T18:17,U66da2ba27e83014da52f28455ef19c7c,user,2024-11-12,22:30,user，確認預約時間並把選擇日期時間寫入暫時資料庫
2024-11-12T18:19,U66da2ba27e83014da52f28455ef19c7c,user,2024-11-12,22:30,user，確認預約時間並把選擇日期時間寫入暫時資料庫
2024-11-12T18:21,U66da2ba27e83014da52f28455ef19c7c,user,2024-11-12,22:50,user，確認預約時間並把選擇日期時間寫入暫時資料庫
2024-11-12T18:26,U66da2ba27e83014da52f28455ef19c7c,user,2024-11-12,22:30,user，確認預約時間並把選擇日期時間寫入暫時資料庫
2024-11-12T18:27,U66da2ba27e83014da52f28455ef19c7c,user,2024-11-12,22:35,user，確認預約時間並把選擇日期時間寫入暫時資料庫
2024-11-12T18:28,U66da2ba27e83014da52f28455ef19c7c,user,2024-11-12,22:55,user，確認預約時間並把選擇日期時間寫入暫時資料庫
2024-11-12T20:25,U66da2ba27e83014da52f28455ef19c7c,user,2024-11-12,22:35,user，確認預約時間並把選擇日期時間寫入暫時資料庫
2024-11-12T20:26,U66da2ba27e83014da52f28455ef19c7c,user,2024-11-12,22:30,user，確認預約時間並把選擇日期時間寫入暫時資料庫
